<?xml version="1.0" encoding="UTF-8" standalone="yes"?>
<account>
    <users>
        <userId>7977c3cfcb9194bd1d52f4a82e55d6eff9a90ba796fed223b571815f5df</userId>
        <salt>d9d0ccb9ee0b4af44bcb04f1aded6e4f486d5d2c1a10c34c5e3d9195d</salt>
        <password>f99ede99cbd3fae69a7affc4c5ebefe62fa561f4686cf6c2a1363b8e468d1</password>
    </users>
    <users>
        <userId>3fe4f0fb47fbb4aee668f4387e6da7ce1ddf4dfdbcc70853c6dc3dd768d8e4f</userId>
        <salt>fe7316ca185fe8e74b878be77dbc2d199257f5c726b9b92cfe2aeef449d5ec</salt>
        <password>158e16bcead1393225b9ed6ddb36996a882f45be947758a4b1f3f9eaeb1cadac</password>
    </users>
</account>
