<?xml version="1.0" encoding="UTF-8" standalone="yes"?>
<addressbook>
    <persons>
        <name>Bernice Yu</name>
        <phone>99272758</phone>
        <address>Blk 30 Lorong 3 Serangoon Gardens, #07-18</address>
        <birthday>11-09-1998</birthday>
        <email>berniceyu@example.com</email>
        <group>TEST</group>
        <remark>Likes to swim.</remark>
        <tagged>colleagues</tagged>
        <tagged>friends</tagged>
    </persons>
    <persons>
        <name>David Li</name>
        <phone>91031282</phone>
        <address>Blk 436 Serangoon Gardens Street 26, #16-43</address>
        <birthday>11-09-1998</birthday>
        <email>lidavid@example.com</email>
        <group>TEST</group>
        <remark></remark>
        <tagged>family</tagged>
    </persons>
    <persons>
        <name>Roy Balakrishnan</name>
        <phone>92624417</phone>
        <address>Blk 45 Aljunied Street 85, #11-31</address>
        <birthday>11-09-1998</birthday>
        <email>royb@example.com</email>
        <group>TEST</group>
        <remark></remark>
        <tagged>colleagues</tagged>
    </persons>
    <persons>
        <name>Irfan Ibrahim</name>
        <phone>92492021</phone>
        <address>Blk 47 Tampines Street 20, #17-35</address>
        <birthday>11-09-1998</birthday>
        <email>irfan@example.com</email>
        <group>TEST</group>
        <remark></remark>
        <tagged>classmates</tagged>
    </persons>
    <persons>
        <name>haha</name>
        <phone>12345678</phone>
        <address>address</address>
        <birthday>12-09-1998</birthday>
        <email>email@email.com</email>
        <group>NUS</group>
        <remark></remark>
    </persons>
    <persons>
        <name>Momo Ng</name>
        <phone>12345678</phone>
        <address>blk 1 clementi str 45, #09-08</address>
        <birthday>11-09-1998</birthday>
        <email>momo@gmail.com</email>
        <group>NUS</group>
        <remark></remark>
    </persons>
    <persons>
        <name>huiyi</name>
        <phone>12345</phone>
        <address>blk 19 Bukit Timah Road #02-110 g/NUS</address>
        <birthday></birthday>
        <email></email>
        <group>My Gang</group>
        <remark></remark>
    </persons>
    <tags>colleagues</tags>
    <tags>classmates</tags>
    <tags>neighbours</tags>
    <tags>family</tags>
    <tags>friends</tags>
    <groups>TEST</groups>
    <groups>My Gang</groups>
    <groups>NUS</groups>
</addressbook>
