Title,Description,Location,Datetime
"Basketball Competition","Championship tournament","UTSH","26-10-2017 0800",
"Chinese New Year","Buffet","Mandarin Hotel","02-02-2018 1345",
"CS2103","Submission Deadline","SoC","14-11-2017 2359",
"Halloween Horror Night","Horrifying night","Univsersal Studio","13-10-2017 2359",
"National Day","Singapore bday","Marina Platform","09-08-2018 1900",
"Sentosa Party","There is a party at sentosa","Sentosa","13-05-2017 2200",
"USProduction","Drama performance","YNC Blackbox","17-10-2017 1200",
